ID,TARGET
1,1720.8204
2,1302.2191
3,1403.4847
4,1891.648
5,2963.0835
6,1364.9059
7,1865.8752
8,1427.573
9,3079.785
10,1646.675
11,1642.3359
12,1558.5095
13,1150.5986
14,1855.621
15,1275.5569
16,1692.8247
17,1619.5068
18,1681.0481
19,1730.5398
20,2335.1838
21,2074.5654
22,1426.9678
23,1722.112
24,2361.2095
25,1781.8657
26,2432.4666
27,1698.1486
28,3285.172
29,1358.3494
30,1686.1627
31,1733.6196
32,1514.2183
33,1293.923
34,1134.3142
35,1457.0326
36,1710.7148
37,1632.3452
38,1655.1475
39,1936.7953
40,1911.9471
41,2060.827
42,1653.5496
43,1385.6262
44,1278.3915
45,1974.2059
46,1557.7599
47,1299.4047
48,1230.1222
49,1376.4572
50,1431.5269
51,1862.8037
52,1698.9667
53,1279.0487
54,2171.7368
55,1303.5217
56,1347.3525
57,1691.5372
58,1695.9343
59,1247.0137
60,1289.6371
61,2241.9033
62,1384.5724
63,1592.1458
64,1101.4841
65,1315.3387
66,1940.9894
67,1372.694
68,1443.7643
69,1351.6108
70,1895.2532
71,1549.2373
72,1662.8567
73,1414.3252
74,1249.0149
75,2201.4048
76,3032.3708
77,2749.9011
78,1539.336
79,1420.9059
80,1330.6929
81,1476.6195
82,1634.549
83,1386.7272
84,1285.6771
85,1621.944
86,1548.4535
87,1532.083
88,1396.9668
89,1478.4338
90,1591.4844
91,1404.0679
92,1692.8824
93,1427.8451
94,1456.6732
95,1757.5299
96,2084.7664
97,1481.2058
98,909.6264
99,1677.5234
100,1515.6
101,1389.9888
102,1698.4524
103,1723.9375
104,1075.9633
105,2374.8403
106,2450.8748
107,1697.376
108,1140.3308
109,1688.2998
110,1077.3323
111,1180.304
112,2259.629
113,1100.686
114,1729.6683
115,1751.4583
116,1760.1788
117,1256.4772
118,1134.5563
119,1519.8599
120,1128.7561
121,1645.9517
122,1576.7433
123,1347.9978
124,1414.5032
125,1971.742
126,1557.3717
127,1466.7305
128,1320.1338
129,1546.0032
130,1625.1322
131,1755.0156
132,1701.4152
133,1615.1268
134,2037.1599
135,1542.3348
136,1240.4769
137,1571.4167
138,1623.2828
139,1536.2404
140,1527.8593
141,2066.9324
142,1831.0922
143,2363.3865
144,1673.9407
145,2445.0671
146,1348.4993
147,1922.5728
148,1587.8732
149,2005.2043
150,1452.3252
151,1211.9521
152,1762.4844
153,1339.5135
154,2455.9993
155,1223.207
156,2435.2983
157,1931.413
158,1692.9979
159,2870.4583
160,1878.1805
161,1516.522
162,1843.1084
163,1903.5836
164,1931.3881
165,1399.3297
166,1215.1049
167,2196.2612
168,1310.3289
169,1424.3885
170,1593.8069
171,1149.3904
172,2026.0082
173,1605.4032
174,3411.863
175,1803.8727
176,2542.091
177,1647.1704
178,1642.5526
179,1329.4797
180,1292.7423
181,2182.8335
182,1867.2573
183,1729.9137
184,1295.2533
185,1615.0002
186,1834.7749
187,1834.3351
188,1944.4849
189,1531.9095
190,757.40845
191,1404.058
192,1759.2007
193,1484.0573
194,1837.5634
195,1455.0762
196,1751.3209
197,2417.4888
198,1723.8735
199,1245.021
200,1904.1251
201,2191.2402
202,3071.869
203,1230.301
204,1676.4344
205,1787.2104
206,1998.6876
207,1888.6157
208,2376.216
209,1619.033
210,2661.5212
211,1130.2908
212,1841.2848
213,1017.6532
214,2545.52
215,2505.6113
216,1281.0824
217,1637.9739
218,1092.8755
219,1916.4899
220,764.04254
221,1243.1637
222,1313.2206
223,2221.0386
224,1598.7673
225,1491.9176
226,2010.0879
227,1175.324
228,1412.9073
229,1522.7186
230,1203.3226
231,2780.664
232,1612.0184
233,3061.0842
234,1489.0739
235,1995.9181
236,2204.1753
237,1515.5016
238,1380.8224
239,1262.9294
240,1331.1747
241,1629.5013
242,1445.5713
243,1794.1519
244,2656.06
245,1579.8743
246,1634.0153
247,1937.9874
248,1220.2047
249,1795.8972
250,1632.2883
251,1538.2286
252,1435.9015
253,2249.6924
254,1510.632
255,1694.6742
256,1266.7302
257,1869.0145
258,1368.0205
259,1941.1345
260,1496.8086
261,1622.8578
262,1440.6011
263,2045.9554
264,1557.3491
265,1935.626
266,1652.2665
267,1641.621
268,1839.6134
269,1845.7847
270,1099.9729
271,1618.7025
272,1745.4688
273,1439.1101
274,1855.2776
275,2169.389
276,1865.463
277,3251.323
278,973.6902
279,1669.462
280,1991.7654
281,1688.174
282,1974.3428
283,1477.2648
284,1577.6285
285,3006.035
286,1643.8782
287,1177.0039
288,1648.009
289,2665.2505
290,1842.872
291,1815.6593
292,1684.2399
293,1453.2365
294,2053.3408
295,1754.501
296,2333.665
297,1141.5598
298,1821.9407
299,1830.2341
300,1513.4233
301,1262.331
302,2088.616
303,1775.0592
304,1525.0917
305,1203.5977
306,2169.9663
307,1594.8993
308,2046.9054
309,2037.7618
310,1153.5748
311,1597.6874
312,1756.846
313,1388.3826
314,1665.6633
315,943.6692
316,1601.6865
317,1222.5377
318,1943.6821
319,2023.1572
320,1985.1934
321,1557.9824
322,2786.9097
323,2230.075
324,1503.5682
325,1597.8369
326,1951.9553
327,1570.6576
328,1610.2153
329,1849.6501
330,1863.0751
331,1692.2163
332,2586.367
333,2106.7644
334,1897.2799
335,1635.95
336,1213.8282
337,1851.4446
338,1652.7821
339,1674.1254
340,1744.665
341,1745.794
342,1237.8291
343,1956.9832
344,1963.2108
345,1846.1595
346,1326.5028
347,2084.0347
348,1251.2119
349,1123.641
350,2017.3918
351,1957.1736
352,1349.2911
353,1476.3333
354,1734.4745
355,1406.9812
356,2987.3633
357,1785.5087
358,2193.317
359,1886.3237
360,1734.1481
361,2043.2601
362,1778.6796
363,1721.7961
364,1960.4923
365,1807.3395
366,1751.746
367,1510.3483
368,1337.6643
369,2171.1558
370,2138.3413
371,2003.07
372,1564.8829
373,2498.8901
374,2977.2349
375,1899.2101
376,1720.9384
377,1482.4119
378,2239.8066
379,2515.84
380,1727.9265
381,2172.2021
382,1957.4216
383,1966.4501
384,1509.7095
385,2058.7273
386,2152.1096
387,1809.1882
388,1834.3075
389,2741.9536
390,1317.2018
391,2786.6086
392,1518.4375
393,1860.9442
394,1506.8247
395,1872.9728
396,2099.1467
397,1288.1204
398,1961.9513
399,1086.0854
400,1488.8158
401,1449.596
402,1679.1853
403,2049.0571
404,1585.4636
405,1652.8317
406,1221.4861
407,1893.0602
408,2080.7273
409,1470.9481
410,1951.6149
411,1736.3433
412,1928.1251
413,2064.2146
414,1736.1221
415,1404.2609
416,1930.7354
417,1671.7765
418,2313.724
419,2285.0312
420,2018.9922
421,1678.4431
422,1644.428
423,1848.4309
424,1850.092
425,2543.7122
426,2037.817
427,1421.4296
428,1364.3574
429,2701.4863
430,2025.9669
431,1692.8307
432,1689.6052
433,1310.8512
434,1843.0413
435,1721.4386
436,1474.7454
437,1910.6635
438,3931.842
439,1839.6107
440,1425.9927
441,1453.8419
442,1848.8475
443,1853.5889
444,2220.183
445,2379.2249
446,1741.8782
447,3274.6453
448,1485.6685
449,3444.0818
450,2659.7246
451,1322.4397
452,1190.7549
453,1339.2423
454,1208.0607
455,1989.5172
456,1906.4552
457,1462.1421
458,3697.5728
459,1517.4547
460,2323.6936
461,1751.6129
462,1766.744
463,1397.677
464,1412.9574
465,2174.0872
466,1338.0146
467,1841.5427
468,1892.4761
469,2746.1252
470,1720.4036
471,1599.5261
472,1863.1053
473,2550.982
474,1961.9218
475,1558.1631
476,1161.8333
477,2338.6287
478,1683.0454
479,1663.9702
480,1419.5748
481,1093.8055
482,2275.4927
483,1846.0496
484,1565.274
485,2124.4565
486,1481.7356
487,1825.556
488,1308.0592
489,1599.9403
490,2620.0122
491,1594.4008
492,1765.7479
493,1549.2859
494,1743.6434
495,1940.6
496,1469.9984
497,1871.1077
498,1291.6099
499,3628.2708
500,2303.8005
501,1346.777
502,1374.9714
503,2238.7134
504,1778.4933
505,3452.0164
506,2518.4631
507,1405.4495
508,1439.9401
509,1710.1976
510,2102.1
511,1673.2089
512,1846.9874
513,1866.9419
514,1815.0636
515,1802.4878
516,1356.484
517,1801.161
518,2247.0605
519,2419.9055
520,1725.4738
521,2405.9602
522,2019.238
523,2136.8862
524,1868.9786
525,2051.4382
526,2179.8396
527,1708.0559
528,2059.627
529,1508.2137
530,1989.9288
531,2222.3665
532,1802.2659
533,1214.89
534,1891.4248
535,1533.6862
536,1941.4908
537,2178.765
538,1390.4514
539,1593.9137
540,1903.4099
541,1349.3794
542,2306.431
543,1828.0361
544,2181.624
545,1702.093
546,1690.9355
547,1525.9979
548,1861.5505
549,1628.7808
550,1209.3207
551,1609.8716
552,1249.1688
553,3457.9524
554,1852.8386
555,2105.4146
556,2624.4624
557,2045.5475
558,2073.9402
559,1951.2365
560,1899.3533
561,1767.7301
562,2555.37
563,1768.795
564,1561.3296
565,1276.0226
566,1954.265
567,1940.7218
568,988.3648
569,1746.0874
570,1396.605
571,2099.7695
572,1906.4062
573,1903.3662
574,2174.678
575,2204.5833
576,1979.596
577,3307.5903
578,2340.318
579,2035.1365
580,1662.5927
581,1919.3579
582,1905.3268
583,1247.1125
584,1410.6575
585,1325.3184
586,1366.0396
587,1359.9877
588,1894.6449
589,1756.8964
590,1859.27
591,2887.2026
592,1637.6072
593,2344.4885
594,1347.9443
595,2881.9805
596,1796.6659
597,1782.4824
598,1885.4718
599,1825.1764
600,1287.6469
601,1924.1649
602,1238.2723
603,1310.3898
604,1719.3174
605,1868.1764
606,1836.938
607,1608.0824
608,2104.0332
609,1354.0768
610,1413.4662
611,1648.5283
612,1813.5466
613,1149.5077
614,1236.5969
615,1460.4082
616,2646.253
617,2244.005
618,1153.0018
619,1161.9897
620,1473.3668
621,1467.5192
622,2192.4058
623,2382.6396
624,2429.2678
625,1836.0214
626,3302.221
627,1464.5546
628,1952.4353
629,1382.5044
630,1608.5884
631,2071.1372
632,2055.7896
633,1853.3225
634,2569.7139
635,1746.0386
636,1598.9696
637,1658.5092
638,1562.8324
639,2085.6858
640,1766.989
641,2429.4556
642,1240.1808
643,1953.5745
644,1690.1637
645,1954.2509
646,3666.355
647,1448.775
648,1935.0254
649,2147.3718
650,2138.7024
651,3396.3584
652,2137.4185
653,1451.0706
654,2088.8828
655,1639.7001
656,1478.8632
657,1781.9991
658,1787.755
659,2384.935
660,2323.4265
661,1273.2493
662,1831.6597
663,1514.2435
664,1357.9109
665,1172.7983
666,1380.3577
667,1623.3171
668,2033.6133
669,2772.4148
670,1837.687
671,1788.7811
672,1929.6932
673,1268.6992
674,1279.968
675,1356.6212
676,1327.7224
677,1472.3433
678,3387.5908
679,1805.6179
680,1346.8158
681,1621.1805
682,1671.4044
683,1301.2855
684,2189.9143
685,3571.697
686,1695.8358
687,1427.5206
688,1135.5016
689,1321.0846
690,1938.9467
691,1875.4498
692,1810.4742
693,2152.2708
694,1764.8793
695,1199.6455
696,1281.6833
697,1387.0677
698,1438.8595
699,2235.4817
700,1636.3677
701,1629.5557
702,1779.4929
703,2293.9072
704,2458.1467
705,1818.9885
706,1415.3113
707,1948.8918
708,1184.2766
709,1533.8284
710,3153.6938
711,1593.224
712,2408.2412
713,2332.023
714,1752.2655
715,1473.2039
716,1506.7225
717,1233.8984
718,1866.2697
719,1370.4141
720,1682.31
721,1260.573
722,2801.9907
723,1677.4985
724,2178.579
725,1312.9058
726,1996.7301
727,1272.6783
728,2327.5276
729,1371.1843
730,1747.616
731,1474.6053
732,1406.7268
733,1760.6361
734,1594.3611
735,1869.2242
736,1833.3495
737,1519.4832
738,1527.2506
739,1616.5116
740,1895.527
741,2409.712
742,1554.8931
743,1051.0372
744,1683.2141
745,2429.5576
746,1721.3857
747,2216.0305
748,2086.3096
749,2010.6687
750,1484.3969
751,1953.8662
752,1684.8214
753,1374.3451
754,1587.0814
755,1430.5907
756,2223.7837
757,1953.5596
758,1555.7059
759,1206.0128
760,1166.3921
761,1371.473
762,977.7683
763,977.7683
764,977.7683
765,977.7683
766,1728.261
767,1694.1406
768,2400.6094
769,2727.4753
770,1937.4032
771,1302.4713
772,1699.0798
773,1689.8455
774,1578.697
775,1591.4906
776,1380.1154
777,1369.8595
778,1984.3593
779,1265.6877
780,1179.1512
781,1745.1809
782,1323.2633
783,1348.0424
784,2202.0823
785,1559.0824
786,1285.1516
787,1385.4669
788,1295.9465
789,1969.3562
790,1851.2091
791,1705.144
792,1380.5277
793,1625.5947
794,1411.2596
795,1112.4706
796,1483.3097
797,1061.2122
798,1699.5262
799,1555.4254
800,1029.6406
801,1278.1624
802,1871.3666
803,1757.7382
804,1427.6215
805,1598.6545
806,1825.1147
807,1832.5441
808,1626.0775
809,2544.474
810,1402.4558
811,1558.2465
812,2198.2974
813,1333.0997
814,1585.9594
815,2177.3396
816,1597.6097
817,1900.063
818,1295.4397
819,1632.9822
820,1800.2267
821,1233.0103
822,1359.396
823,1480.1832
824,3280.9702
825,1427.0558
826,1427.9609
827,1080.4465
828,1439.9025
829,1863.3402
830,1396.2823
831,1391.8457
832,2254.6516
833,1309.2483
834,1462.7635
835,1809.9792
836,1527.8386
837,1983.0781
838,1657.2145
839,1471.3567
840,1336.023
841,1296.8859
842,1570.4021
843,1212.0299
844,621.91144
845,2329.9182
846,1341.423
847,1188.9921
848,1904.65
849,1484.1343
850,1672.2139
851,1302.1864
852,1926.3573
853,1837.5864
854,841.6045
855,1211.1038
856,1761.0193
857,1643.4202
858,1223.735
859,1863.0715
860,2059.901
861,2060.5347
862,1202.7999
863,1384.0132
864,1715.5221
865,1314.0303
866,1066.3318
867,1870.5432
868,1147.8367
869,1388.6484
870,1294.0869
871,1956.9009
872,1850.8535
873,1425.2549
874,1614.4601
875,1487.6627
876,1669.6146
877,1753.407
878,1519.5013
879,1290.7406
880,1567.0809
881,1446.4974
882,1446.4974
883,1206.5521
884,2146.5195
885,1061.4976
886,1963.7194
887,1356.5665
888,1671.8303
889,1776.6952
890,1530.0607
891,1334.367
892,1552.8021
893,915.9886
894,959.02155
895,915.9886
896,1928.9056
897,1149.3052
898,1258.4836
899,2156.9758
900,1466.365
901,1410.9259
902,2879.3352
903,2295.279
904,2392.1794
905,1283.6681
906,1826.1394
907,1837.3323
908,2957.0054
909,1535.5337
910,1685.0367
911,1874.2888
912,1960.9913
913,1200.3374
914,1284.9519
915,1355.4578
916,1722.8763
917,1771.3309
918,1887.3809
919,2499.1099
920,1557.7035
921,2096.823
922,1472.7063
923,1592.7341
924,1430.0885
925,2230.699
926,1168.8763
927,2352.014
928,2094.8364
929,1169.8408
930,2228.2698
931,1653.1722
932,1611.7955
933,2092.6052
934,1814.7886
935,1669.7108
936,1788.939
937,3339.3076
938,2330.9785
939,1269.8566
940,2073.3777
941,2240.6377
942,1443.7336
943,2303.5933
944,2084.864
945,2023.5077
946,1682.3307
947,2055.3118
948,1355.9347
949,906.32056
950,1647.2496
951,1727.5298
952,2114.0918
953,1660.9463
954,1177.3951
955,1793.8917
956,2264.2559
957,1529.7449
958,1183.8796
959,1833.6036
960,1559.917
961,1972.2583
962,2925.5205
963,1820.9734
964,1311.737
965,1463.7595
966,1590.922
967,1381.9712
968,1972.059
969,1996.363
970,1465.2949
971,1336.9392
972,2640.351
973,1077.6481
974,2046.2599
975,1504.6821
976,2062.8809
977,1685.2103
978,1223.1866
979,1980.7766
980,1909.3323
981,1467.7821
982,3215.051
983,1624.0193
984,1968.7811
985,2204.3684
986,1974.8341
987,2116.8135
988,1441.4015
989,1673.8395
990,2149.8887
991,1792.1559
992,1302.3094
993,1209.1248
994,1937.4971
995,1042.4159
996,1612.7987
997,2367.169
998,1052.8746
999,2086.718
1000,2144.931
1001,1310.9509
1002,1485.9436
1003,1782.9001
1004,1426.6913
1005,1779.438
1006,1261.2445
1007,1229.5186
1008,1807.6903
1009,2271.4377
1010,1834.0547
1011,2050.7036
1012,1132.9788
1013,2080.612
1014,2014.5741
1015,1541.0673
1016,1541.1002
1017,2525.497
1018,1788.3795
1019,1866.1693
1020,1726.742
1021,1221.9547
1022,1154.399
1023,1431.4166
1024,1693.4955
1025,1227.2402
1026,1885.0553
1027,2120.7578
1028,1665.4254
1029,1443.3208
1030,1059.4749
1031,1392.9369
1032,1501.8173
1033,2121.9868
1034,1562.8228
1035,1297.8433
1036,1738.2589
1037,1338.6796
1038,2380.7974
1039,2208.1853
1040,2329.0415
1041,1608.6876
1042,1676.8135
1043,2082.6985
1044,2859.8877
1045,1055.3584
1046,1841.2257
1047,1322.1528
1048,1940.1425
1049,1710.4502
1050,1654.912
1051,1318.0334
1052,1231.3804
1053,1136.4785
1054,1131.1621
1055,1204.1466
1056,1537.8821
1057,1280.4381
1058,1238.7472
1059,1810.7107
1060,1621.6483
1061,1666.5248
1062,1760.9993
1063,1006.6653
1064,2031.2687
1065,1251.4818
1066,1845.1676
1067,1074.2554
1068,1920.3281
1069,2127.5286
1070,1556.2279
1071,2540.4695
1072,1905.2656
1073,1915.8737
1074,2294.2798
1075,2920.3938
1076,1760.7046
1077,1257.6182
1078,1823.5547
1079,3294.7783
1080,1715.2042
1081,1780.3562
1082,1506.0583
1083,1873.0399
1084,2187.902
1085,1098.5873
1086,1612.4532
1087,1823.9009
1088,2593.3274
1089,1513.7015
1090,1829.0304
1091,1868.4481
1092,2080.3374
1093,1967.3344
1094,2083.3167
1095,1958.9836
1096,1180.256
1097,1372.3834
1098,1869.2325
1099,1847.3955
1100,1924.4054
1101,1610.9117
1102,2058.9136
1103,2221.539
1104,1593.7396
1105,1239.6855
1106,1858.6454
1107,1097.9318
1108,1781.0468
1109,1852.8666
1110,1685.198
1111,1641.7909
1112,1463.91
1113,1488.0458
1114,1769.4901
1115,1647.908
1116,1314.3773
1117,2487.6716
1118,1486.5876
1119,2618.1277
1120,1534.2512
1121,1695.8082
1122,1555.6577
1123,1617.4956
1124,1712.9176
1125,1481.7358
1126,1333.012
1127,1980.8201
1128,1563.1196
1129,2210.6267
1130,1499.1985
1131,1397.0131
1132,2347.8535
1133,2461.6294
1134,3217.064
1135,2007.0453
1136,1450.1824
1137,1197.1548
1138,1926.0571
1139,1627.9332
1140,2821.8018
1141,1289.1699
1142,2248.701
1143,1388.3427
1144,1875.2435
1145,1484.2567
1146,1517.904
1147,1169.5371
1148,1882.6488
1149,1308.6439
1150,1813.8922
1151,1489.6619
1152,1312.2416
1153,1345.0052
1154,1668.9468
1155,1988.6459
1156,1178.7753
1157,1341.9121
1158,1554.4742
1159,1362.5518
1160,1951.9678
1161,1123.2023
1162,948.0683
1163,1909.1578
1164,3858.584
1165,2191.0679
1166,1529.6335
1167,1906.0701
1168,1880.97
1169,1951.5151
1170,1781.4128
1171,1541.7935
1172,1541.7935
1173,1996.7283
1174,1030.1863
1175,1995.3768
1176,1145.9789
1177,2354.5295
1178,2246.0312
1179,1351.4458
1180,1864.512
1181,2252.6611
1182,1774.6543
1183,1678.9974
1184,1624.7622
1185,2106.362
1186,1987.6472
1187,2197.0989
1188,1205.0026
1189,1564.0801
1190,1309.8441
1191,1689.7368
1192,1415.0199
1193,1452.7043
1194,2307.397
1195,1284.4728
1196,2352.1116
1197,2490.6355
1198,1462.2748
1199,1626.8628
1200,1340.4119
1201,1206.8463
1202,1691.6979
1203,1636.7891
1204,779.82086
1205,1315.8665
1206,1551.0371
1207,1034.4288
1208,1689.6862
1209,2326.0767
1210,2067.0203
1211,2744.681
1212,2209.336
1213,1091.6445
1214,1240.1362
1215,1379.4077
1216,1826.4414
1217,1547.2076
1218,1523.6807
1219,1862.722
1220,1857.8085
1221,1449.5096
1222,1505.1841
1223,1832.9718
1224,1395.6077
1225,1792.2671
1226,1866.1141
1227,1848.5483
1228,1861.7971
1229,1222.6122
1230,1466.7999
1231,1210.1006
1232,1208.2723
1233,2144.3926
1234,2246.564
1235,1682.5691
1236,1086.581
1237,1222.2278
1238,1593.9995
1239,2237.8396
1240,2080.8538
1241,1641.1174
1242,1907.7809
1243,1493.0613
1244,1760.7693
1245,1188.1361
1246,1464.5137
1247,1225.758
1248,1601.862
1249,1618.3431
1250,1612.9786
1251,1571.0227
1252,1657.1007
1253,1471.9247
1254,1265.9609
1255,2356.3596
1256,2612.3582
1257,1790.2384
1258,3169.1646
1259,1742.7881
1260,1460.559
1261,2045.0582
1262,1669.9344
1263,1567.6432
1264,1565.8843
1265,1470.2604
1266,1757.2811
1267,2229.8162
1268,1566.9009
1269,1977.879
1270,1405.1135
1271,2055.6196
1272,1651.6843
1273,1345.9463
1274,2144.9695
1275,1680.1323
1276,2047.2782
1277,2026.5544
1278,1862.6306
1279,1938.5433
1280,1976.2225
1281,1976.2225
1282,2280.5574
1283,1340.6377
1284,1537.3456
1285,2918.0034
1286,2129.1543
1287,1941.642
1288,2151.862
1289,2435.7107
1290,2252.0554
1291,3014.859
1292,1943.6498
1293,1581.4045
1294,2274.7827
1295,1842.2483
1296,1371.4725
1297,1562.5972
1298,1726.8782
1299,1302.3741
1300,1750.0416
1301,1263.481
1302,1135.6647
1303,1574.5631
1304,1909.4025
1305,2073.4592
1306,1898.8634
1307,2167.9175
1308,3026.0251
1309,1805.7054
1310,1383.0007
1311,2439.446
1312,1442.0042
1313,2405.2195
1314,2642.7864
1315,1358.2874
1316,2078.6804
1317,2349.0745
1318,1821.8774
1319,2268.5852
1320,1426.6499
1321,2572.2195
1322,1217.7416
1323,2183.8538
1324,1676.6381
1325,1774.5914
1326,1767.7959
1327,1581.2808
1328,1924.1754
1329,1517.1038
1330,1679.568
1331,1841.038
1332,2729.2632
1333,1607.493
1334,1915.8688
1335,1753.9718
1336,1537.264
1337,1892.0184
1338,1613.6067
1339,3268.6257
1340,2098.6797
1341,1422.2396
1342,1768.5171
1343,1846.918
1344,1150.0735
1345,1668.3121
1346,1074.9879
1347,1402.4128
1348,2202.3613
1349,1403.7227
1350,1399.6091
1351,2010.3911
1352,2111.5554
1353,1847.3982
1354,2133.1082
1355,1958.638
1356,1740.5332
1357,2363.518
1358,1478.0085
1359,1770.1787
1360,1194.1215
1361,2204.0645
1362,1540.0381
1363,985.86896
1364,1477.7413
1365,1942.182
1366,1336.1875
1367,1965.6714
1368,1657.7726
1369,1858.0476
1370,2213.3528
1371,1849.529
1372,1792.7754
1373,1594.7609
1374,2073.3599
1375,3047.5789
1376,1933.7607
1377,1903.1228
1378,1067.8606
1379,1678.1387
1380,1866.0507
1381,1512.0049
1382,1947.1064
1383,1916.4951
1384,1575.6272
1385,1730.0912
1386,1492.3021
1387,1717.3905
1388,1629.5228
1389,2031.1448
1390,1454.1073
1391,1875.7778
1392,1325.5571
1393,1583.1348
1394,1648.2698
1395,1898.5573
1396,1630.3516
1397,1760.9801
1398,2165.2336
1399,1332.7081
1400,2330.5894
1401,1936.2426
1402,1411.6633
1403,1299.1669
1404,3125.8796
1405,1934.5071
1406,3751.8298
1407,1800.0504
1408,2876.5564
1409,2752.9438
1410,2028.941
1411,1062.5612
1412,1590.4755
1413,2294.6108
1414,1800.2388
1415,1793.88
1416,1255.302
1417,2867.096
1418,1485.1742
1419,3205.6897
1420,1273.3
1421,915.00574
1422,1657.8558
1423,3355.3904
1424,1504.8098
1425,1709.6804
1426,1796.6047
1427,1917.2573
1428,1746.6455
1429,2476.1387
1430,2059.8013
1431,1587.8883
1432,1968.245
1433,1777.6202
1434,2086.3418
1435,2585.7253
1436,1759.8009
1437,1351.5728
1438,2174.4421
1439,1188.1587
1440,975.64
1441,1835.5275
1442,1824.6892
1443,2622.3486
1444,1328.4186
1445,1304.8167
1446,2467.6133
1447,1814.5941
1448,1599.7925
1449,1434.9552
1450,3533.7144
1451,1304.3191
1452,2285.5703
1453,2143.1248
1454,1543.0021
1455,1488.0033
1456,1996.7942
1457,1699.4023
1458,1659.13
1459,1654.8335
1460,1420.3729
1461,2148.0344
1462,3489.6562
1463,1362.7205
1464,1741.6527
1465,1829.5828
1466,1712.0665
1467,1269.4503
1468,1723.493
1469,1666.6875
1470,1413.174
1471,2962.9443
1472,1081.6753
1473,1611.8232
1474,1916.5032
1475,1262.9486
1476,1997.4645
1477,1572.0088
1478,1476.2328
1479,1112.2628
1480,1355.8678
1481,1368.7982
1482,1630.6525
1483,1401.736
1484,1568.5505
1485,3474.7375
1486,2439.561
1487,2671.7642
1488,1528.1477
1489,2273.6863
1490,1947.0283
1491,1265.516
1492,972.4456
1493,1782.9167
1494,2185.825
1495,1246.9266
1496,1634.3605
1497,1820.1444
1498,2198.9922
1499,2258.0247
1500,2064.7126
1501,1614.7046
1502,1461.211
1503,2016.419
1504,2207.1777
1505,1187.3468
1506,1386.6083
1507,1619.046
1508,1984.1311
1509,3235.0593
1510,1923.3787
1511,1801.5115
1512,1745.8048
1513,1159.9116
1514,1085.7953
1515,1437.2897
1516,1924.2457
1517,2394.2427
1518,1272.6807
1519,1555.5298
1520,1780.4954
1521,2487.1897
1522,2269.5996
1523,1897.0847
1524,1311.7434
1525,1621.9032
1526,2353.1685
1527,1568.0963
1528,1468.1326
1529,1377.3323
1530,1785.2325
1531,1463.4487
1532,1569.6377
1533,1965.3641
1534,2373.494
1535,1926.5155
1536,991.54065
1537,1290.8823
1538,1646.5299
1539,2199.4553
1540,3997.3713
1541,1892.8411
1542,2532.5996
1543,1289.055
1544,1039.6873
1545,1546.1049
1546,1665.1852
1547,1112.9213
1548,1422.4512
1549,1852.1903
1550,2100.6204
1551,2135.3972
1552,2161.3733
1553,3579.8157
1554,1407.4419
1555,1422.1903
1556,1225.3912
1557,1299.5083
1558,1958.0013
1559,1563.3625
1560,1770.8597
1561,1685.6031
1562,1720.4207
1563,1742.4222
1564,2563.7683
1565,1969.4336
1566,1675.2458
1567,1620.6179
1568,1137.8549
1569,1194.0728
1570,1733.9248
1571,1478.1726
1572,1149.0573
1573,1963.3024
1574,1894.1945
1575,1548.5476
1576,1304.7559
1577,1786.1438
1578,1517.7201
1579,1741.6302
1580,1712.0404
1581,1346.8118
1582,1209.2559
1583,1083.1322
1584,2033.3795
1585,1391.2455
1586,2322.7473
1587,1505.0172
1588,1854.2118
1589,2027.4923
1590,1085.9631
1591,1811.1918
1592,909.28986
1593,1428.2919
1594,1216.0502
1595,1774.8499
1596,1849.8344
1597,1462.3695
1598,1922.9467
1599,1738.9642
1600,1972.8159
1601,1835.4393
1602,2330.6787
1603,1420.1917
1604,2023.0092
1605,1369.1008
1606,2082.0178
1607,2004.9249
1608,2292.94
1609,2023.5082
1610,1730.566
1611,1446.9744
1612,1671.4404
1613,1377.1726
1614,2920.78
1615,1756.7252
1616,1520.83
1617,1321.5914
1618,1420.521
1619,1984.9178
1620,1442.6177
1621,1645.3705
1622,2590.31
1623,1476.4069
1624,1228.187
1625,2009.6744
1626,2479.8665
1627,1732.8624
1628,2248.501
1629,1962.8585
1630,2075.687
1631,2303.6956
1632,1269.6903
1633,1742.0125
1634,1439.9445
1635,2650.458
1636,1815.9503
1637,1252.9395
1638,2313.0295
1639,1112.9772
1640,2462.3313
1641,2237.4065
1642,2022.1951
1643,1953.1553
1644,2089.5093
1645,2174.473
1646,1408.2401
1647,2125.3516
1648,1653.8019
1649,2503.355
1650,1684.7158
1651,1616.9198
1652,1430.4928
1653,1750.9579
1654,2448.5837
1655,2799.9692
1656,1263.9307
1657,1049.519
1658,1740.3503
1659,2316.0635
1660,1937.7982
1661,1413.1299
1662,1310.0009
1663,1764.5398
1664,1438.9327
1665,1747.5969
1666,1523.9733
1667,2438.494
1668,1426.8501
1669,1004.664
1670,1075.7764
1671,1004.664
1672,1547.9379
1673,1556.4116
1674,1726.4213
1675,2631.0254
1676,1546.336
1677,1419.8983
1678,1338.1061
1679,1784.5095
1680,1709.3423
1681,2202.3506
1682,1443.2826
1683,2012.5011
1684,1892.2157
1685,1225.365
1686,1215.3711
1687,1856.7814
1688,2166.5793
1689,1657.7831
1690,2291.2532
1691,1885.0541
1692,1560.6658
1693,1293.067
1694,1540.2312
1695,1269.6926
1696,2199.511
1697,1362.4814
1698,1640.8527
1699,2070.926
1700,1310.755
1701,1382.8239
1702,1777.0852
1703,1687.8204
1704,1915.2794
1705,1623.8148
1706,1377.1116
1707,1882.0775
1708,1452.1777
1709,1652.3632
1710,2053.4412
1711,2462.4922
1712,1480.2201
1713,1951.9497
1714,1352.1936
1715,1837.7283
1716,1922.1364
1717,1658.7595
1718,1456.745
1719,1514.1991
1720,1752.5906
1721,2312.537
1722,899.1624
1723,2025.7087
1724,1315.7301
1725,812.5709
1726,1225.7778
1727,1515.9269
1728,1333.9492
1729,1879.7206
1730,2051.4297
1731,2318.2341
1732,1901.5782
1733,2805.1228
1734,2070.5159
1735,1857.7693
1736,1780.184
1737,1612.2567
1738,1624.5939
1739,1713.2229
1740,1045.8162
1741,1921.0161
1742,1637.3586
1743,1550.0895
1744,1685.9471
1745,1844.3306
1746,1611.836
1747,1549.0632
1748,1669.942
1749,1614.5886
1750,1730.4888
1751,1904.3137
1752,1439.124
1753,1723.6304
1754,1682.767
1755,2739.4517
1756,1859.3336
1757,1382.2142
1758,2935.08
1759,1617.817
1760,1805.1847
1761,1436.6859
1762,1815.2178
1763,2770.9568
1764,2086.9832
1765,1293.5066
1766,2269.7424
1767,3284.9148
1768,1316.0245
1769,1336.6027
1770,1445.6433
1771,1937.6926
1772,1405.4845
1773,1336.4431
1774,2522.0737
1775,2194.2634
1776,1416.2937
1777,1538.6124
1778,1582.6338
1779,1582.6338
1780,1959.0502
1781,1400.8402
1782,1452.6854
1783,1587.2153
1784,2449.377
1785,2155.3557
1786,1526.088
1787,1322.1327
1788,1420.4369
1789,1534.3273
1790,1239.5978
1791,1515.1765
1792,2001.0498
1793,1429.2634
1794,1763.2808
1795,2107.08
1796,1659.2007
1797,1659.364
1798,1824.9388
1799,1887.6149
1800,2726.751
1801,1008.4126
1802,1191.2389
1803,1704.5571
1804,1460.4175
1805,1547.4368
1806,1808.1022
1807,1942.72
1808,1818.6682
1809,1566.2001
1810,1837.8685
1811,1460.4175
1812,1838.8278
1813,1638.5776
1814,1466.6349
1815,1518.4648
1816,1959.31
1817,2459.9624
1818,1599.5947
1819,1428.5922
1820,1321.0193
1821,1603.9335
1822,1901.204
1823,1949.0217
1824,1933.419
1825,1864.2123
1826,1759.35
1827,931.13837
1828,1918.3671
1829,1105.809
1830,3686.9456
1831,1972.0975
1832,2024.8693
1833,2028.1105
1834,1693.1539
1835,1515.5205
1836,1213.0422
1837,1335.5436
1838,1705.8363
1839,1671.4381
1840,2066.7256
1841,1326.7755
1842,1008.4126
1843,1191.2389
1844,1091.9949
1845,1476.4519
1846,2222.4795
1847,2386.0393
1848,1978.7195
1849,1365.0032
1850,1814.7117
1851,1852.1106
1852,1197.0543
1853,1465.0819
1854,1699.2356
1855,1722.7178
1856,1624.0153
1857,3386.7778
1858,3680.911
1859,1597.662
1860,1933.8016
1861,1366.4126
1862,1187.6277
1863,1818.2758
1864,1647.6146
1865,2562.594
1866,1293.5066
1867,1777.3168
1868,1685.0778
1869,1890.0216
1870,1530.3761
1871,2790.7925
1872,1695.2993
1873,1435.561
1874,1375.0573
1875,2517.383
1876,1708.6625
1877,2205.9368
1878,1406.0717
1879,1582.6338
1880,1800.0537
1881,2061.7424
1882,1955.1561
1883,2255.2336
1884,1913.9908
1885,1636.2247
1886,1473.4504
1887,1740.51
1888,1448.973
1889,1986.7681
1890,1679.835
1891,1845.5028
1892,1998.2948
1893,3069.1716
1894,1382.2142
1895,1796.5568
1896,1247.4689
1897,1942.4208
1898,1966.4814
1899,1623.3972
1900,1282.7723
1901,1008.4126
1902,1027.3395
1903,1887.6149
1904,1918.8329
1905,1537.8118
1906,2126.7085
1907,1583.7523
1908,1218.4282
1909,2175.5774
1910,1896.4425
1911,1656.1969
1912,2112.2883
1913,1563.4714
1914,1785.1039
1915,2429.142
1916,1335.5436
1917,1334.6311
1918,2881.444
1919,1706.063
1920,1411.8749
1921,2011.8038
1922,1747.3328
1923,2173.0007
1924,1460.4175
1925,1881.0406
1926,2085.637
1927,1716.5311
1928,1693.2089
1929,1219.1198
1930,2312.1501
1931,1514.6656
1932,1830.6963
1933,1804.2843
1934,1699.7113
1935,2068.619
1936,2071.4697
1937,2620.2644
1938,1604.3422
1939,1874.3842
1940,1249.2244
1941,3015.7395
1942,2281.2212
1943,2121.168
1944,1678.6237
1945,2327.9377
1946,1494.3639
1947,2203.537
1948,1286.3475
1949,1643.3878
1950,1819.3749
1951,1942.7094
1952,1008.4126
1953,1626.427
1954,1008.4126
1955,1091.9949
1956,1515.4978
1957,2003.5841
1958,2898.3413
1959,1387.5265
1960,1743.406
1961,1460.4175
1962,1246.507
1963,1462.7491
1964,1573.3639
1965,3540.4578
1966,1277.0914
1967,1630.1359
1968,1638.1757
1969,1938.4795
1970,1989.7897
1971,1316.6545
1972,1970.7788
1973,2921.2476
1974,2019.4401
1975,1854.9093
1976,2024.6521
1977,1900.6986
1978,1061.585
1979,1563.5852
1980,1245.8647
1981,1853.4546
1982,1564.7947
1983,2425.6453
1984,2490.6702
1985,3727.1707
1986,1691.8477
1987,1728.871
1988,1574.1692
1989,1329.1931
1990,1767.8278
1991,2006.7393
1992,1386.2637
1993,3024.9985
1994,1603.0234
1995,2049.219
1996,1392.883
1997,1082.2477
1998,1194.598
1999,1011.7717
2000,1011.7717
2001,1927.6772
2002,1154.4336
2003,2012.387
2004,2387.08
2005,1457.1461
2006,1630.7576
2007,1695.9636
2008,1547.1005
2009,1457.1843
2010,1867.3796
2011,1135.4425
2012,1957.4733
2013,1771.4893
2014,2563.0803
2015,2679.4844
2016,1284.6652
2017,1717.5441
2018,1454.2393
2019,1717.9631
2020,1836.5334
2021,1364.9124
2022,1682.7002
2023,3035.5674
2024,1537.3926
2025,1633.0706
2026,1298.538
2027,1342.8046
2028,1246.4768
2029,2374.9346
2030,1397.1576
2031,1287.6357
2032,1296.8657
2033,1085.1178
2034,1999.0823
2035,1460.2831
2036,2183.4695
2037,2018.6036
2038,1397.5096
2039,1287.6357
2040,1827.3038
2041,2311.6125
2042,1960.731
2043,2086.322
2044,1534.5364
2045,1187.1978
2046,1375.744
2047,1934.2113
2048,1459.0011
2049,2196.927
2050,1141.0515
2051,1011.7717
2052,1011.7717
2053,1011.7717
2054,1082.2477
2055,2094.6074
2056,1841.2765
2057,2120.16
2058,2045.5824
2059,1631.4545
2060,2275.5596
2061,1690.659
2062,3684.4026
2063,2096.8047
2064,1494.3856
2065,1922.7072
2066,1746.2787
2067,1126.8256
2068,1240.5665
2069,1362.5278
2070,1170.827
2071,2200.126
2072,2866.078
2073,1698.4669
2074,1486.9546
2075,1700.0629
2076,2199.0767
2077,1843.0752
2078,1708.6309
2079,3929.9873
2080,1430.8868
2081,1300.2688
2082,1662.6056
2083,1436.6395
2084,1280.6862
2085,2392.1506
2086,1211.1532
2087,2130.1526
2088,1346.3804
2089,1375.003
2090,1488.5435
2091,1709.9723
2092,1562.7947
2093,1477.2128
2094,1549.5599
2095,2119.4207
2096,1295.7659
2097,1639.8053
2098,1835.3495
2099,1988.1504
2100,1471.9884
2101,1359.2855
2102,1676.2134
2103,1626.1465
2104,1324.4254
2105,1773.6067
2106,1910.635
2107,2281.2515
2108,1434.4131
2109,1620.1714
2110,2166.4507
2111,2501.2869
2112,2030.6953
2113,1728.871
2114,1463.7766
2115,1664.4337
2116,1200.5924
2117,3248.589
2118,2023.3292
2119,1611.171
2120,1383.5469
2121,1634.4843
2122,1310.7559
2123,1826.0107
2124,1789.7509
2125,1496.7183
2126,1202.7892
2127,1425.0543
2128,1685.6924
2129,1692.2115
2130,2030.3715
2131,1458.2617
2132,2244.8801
2133,1931.0652
2134,2382.3303
2135,1420.9218
2136,2042.7306
2137,1477.063
2138,1571.4916
2139,1981.0947
2140,1677.24
2141,2248.249
2142,1680.2963
2143,1385.2555
2144,3262.0488
2145,1728.1731
2146,1634.0178
2147,1571.8967
2148,2382.0479
2149,1513.3837
2150,1115.1663
2151,1449.7576
2152,1490.4286
2153,1404.3224
2154,2012.9525
2155,3215.6064
2156,1753.7866
2157,1617.7158
2158,2643.8987
2159,1756.1323
2160,1902.6288
2161,1474.9546
2162,1619.7705
2163,2560.067
2164,1268.6969
2165,1788.8905
2166,2109.1565
2167,2464.2346
2168,1369.4716
2169,1238.7177
2170,1926.0928
2171,1667.5076
2172,1747.3868
2173,1915.6182
2174,1414.086
2175,1287.7461
2176,1268.4791
2177,1494.5646
2178,1958.8741
2179,977.55994
2180,1648.7982
2181,2047.3105
2182,2041.5414
2183,1495.8035
2184,3773.2354
2185,1881.7734
2186,2112.2773
2187,1741.7386
2188,2229.6826
2189,1225.6499
2190,2452.6592
2191,1770.3501
2192,1789.1908
2193,2281.8933
2194,2370.8816
2195,1618.2738
2196,1361.5054
2197,1445.9568
2198,1605.0894
2199,1362.1146
2200,2474.2478
2201,1756.1112
2202,2463.574
2203,1710.0496
2204,1836.2328
2205,2275.2747
2206,1375.575
2207,1770.2666
2208,1578.6804
2209,1645.4991
2210,1595.1189
2211,1787.3916
2212,1409.2849
2213,1412.4271
2214,1559.6345
2215,1977.9825
2216,1342.8566
2217,1261.1776
2218,1261.1776
2219,1405.426
2220,1261.1776
2221,1883.9614
2222,1546.4099
2223,2005.0481
2224,1646.8436
2225,2204.6082
2226,1818.1036
2227,1599.8827
2228,1411.2831
2229,1953.6533
2230,2571.5679
2231,1541.156
2232,1390.5255
2233,3575.9626
2234,2836.391
2235,2548.964
2236,1512.3275
2237,1350.987
2238,2428.792
2239,1494.4523
2240,2373.468
2241,1869.7103
2242,1215.9993
2243,1551.4945
2244,1800.496
2245,1906.8016
2246,1287.1152
2247,2393.137
2248,1256.3005
2249,2779.229
2250,1963.2943
2251,2218.6155
2252,1914.4006
2253,1244.3784
2254,1986.1125
2255,2687.7795
2256,1695.1196
2257,1907.0261
2258,1749.3335
2259,1732.6965
2260,1639.6483
2261,3140.9722
2262,1898.3802
2263,1541.2852
2264,1391.9423
2265,2319.4453
2266,1725.4983
2267,1427.0922
2268,2670.813
2269,1305.6364
2270,1791.497
2271,2340.7236
2272,1475.5139
2273,2953.5315
2274,1374.6149
2275,2001.827
2276,1998.266
2277,1573.0708
2278,1114.5089
2279,1438.588
2280,2250.7017
2281,2642.7292
2282,1499.8004
2283,2055.8381
2284,1932.9308
2285,1840.6631
2286,1598.6594
2287,1887.5669
2288,1794.3063
2289,1276.2692
2290,1645.4463
2291,1749.829
2292,1767.5131
2293,1767.4324
2294,2431.4004
2295,1592.6125
2296,1620.8239
2297,1304.5027
2298,1623.4341
2299,1232.2983
2300,1862.077
2301,1762.9008
2302,2656.5796
2303,1624.4298
2304,1218.511
2305,1587.1696
2306,2683.8804
2307,1920.6086
2308,1586.6798
2309,1812.45
2310,1851.4237
2311,1993.6423
2312,1911.6931
2313,1555.9159
2314,1710.2299
2315,2508.6187
2316,1332.9303
2317,2195.8425
2318,2056.4822
2319,1983.8038
2320,2174.2249
2321,1985.2083
2322,2239.394
2323,1831.1954
2324,1684.1971
2325,774.5459
2326,1516.5604
2327,1880.9896
2328,1324.839
2329,1203.0938
2330,1330.2134
2331,1824.7452
2332,1258.6362
2333,1554.4725
2334,1835.525
2335,1754.0778
2336,2720.4807
2337,2220.1763
2338,1360.3024
2339,1751.9893
2340,2233.117
2341,1559.617
2342,1845.7238
2343,1977.3209
2344,1798.6522
2345,1450.8424
2346,3289.6052
2347,2065.7585
2348,1316.5052
2349,1767.744
2350,2184.654
2351,1866.8995
2352,1408.4912
2353,2098.0774
2354,983.77167
2355,1661.808
2356,1487.6045
2357,1272.6765
2358,1571.9452
2359,1406.6523
2360,1999.236
2361,1438.5264
2362,1704.6617
2363,1722.7891
2364,2241.9412
2365,1852.2484
2366,2616.8315
2367,2304.4707
2368,897.12085
2369,1262.064
2370,1736.3689
2371,2297.0444
2372,1430.5776
2373,2087.8784
2374,2064.9902
2375,1634.086
2376,1901.9803
2377,1410.899
2378,1953.9152
2379,1512.694
2380,1742.1267
2381,1228.1185
2382,2632.0925
2383,2299.4253
2384,1701.9937
2385,1751.3137
2386,1877.9033
2387,1551.3547
2388,2012.0024
2389,1554.571
2390,1134.1421
2391,1423.2242
2392,1703.8516
2393,1685.6833
2394,1826.9427
2395,1624.893
2396,1753.6895
2397,1830.1097
2398,1755.452
2399,1576.2112
2400,2502.7634
2401,2317.2412
2402,1330.1129
2403,1754.1272
2404,2789.3667
2405,3146.4568
2406,1597.497
2407,1466.906
2408,2557.9766
2409,1837.6588
2410,1899.8049
2411,1594.7242
2412,1556.9269
2413,2176.5876
2414,1956.9849
2415,1364.3497
2416,2023.3429
2417,2356.1653
2418,1822.5582
2419,2120.6646
2420,1974.0743
2421,1936.1449
2422,1717.3472
2423,3042.406
2424,1847.2316
2425,1255.1962
2426,3110.0747
2427,1964.895
2428,1653.3431
2429,1456.8674
2430,2183.4153
2431,1749.4026
2432,1993.2594
2433,1456.3195
2434,1542.2712
2435,2031.5851
2436,3531.291
2437,1009.285
2438,2015.2368
2439,1579.9799
2440,1552.6753
2441,1873.2015
2442,2626.0518
2443,1583.1377
2444,1589.1304
2445,1727.1637
2446,2164.158
2447,1282.4104
2448,1317.9202
2449,2545.0334
2450,2025.2207
2451,2783.5579
2452,1540.478
2453,3504.4688
2454,1558.043
2455,1480.8743
2456,1809.823
2457,1274.3297
2458,1699.1044
2459,1712.5403
2460,1422.1532
2461,1347.7919
2462,1867.8228
2463,1719.6036
2464,2577.7822
2465,2334.2532
2466,1858.3496
2467,1693.9435
2468,1671.6925
2469,1457.3082
2470,1652.5875
2471,1639.9913
2472,1448.8125
2473,1369.8296
2474,1802.3774
2475,1917.7047
2476,1627.3076
2477,1709.3643
2478,2219.9463
2479,1508.4572
2480,2512.3267
2481,2011.7124
2482,1774.1725
2483,1716.8129
2484,1198.8923
2485,1889.8687
2486,2336.595
2487,2310.6333
2488,3069.9758
2489,2239.0205
2490,1989.478
2491,1303.2384
2492,1377.0132
2493,1948.8124
2494,3077.4878
2495,1573.9631
2496,1614.3588
2497,2266.5222
2498,2573.2869
2499,1060.1826
2500,2199.1633
2501,1671.8412
2502,2107.1785
2503,1419.383
2504,1854.6117
2505,1471.1862
2506,2844.3442
2507,1330.3785
2508,1865.7711
2509,1585.2266
2510,1546.8713
2511,2028.4918
2512,2177.5447
2513,1631.9507
2514,1066.1886
2515,1137.9103
2516,1300.6392
2517,1063.3065
2518,1359.9135
2519,1464.313
2520,1432.2852
2521,1772.3136
2522,1584.1195
2523,2538.3472
2524,1622.6342
2525,1130.5975
2526,2676.392
2527,2511.9148
2528,1715.4326
2529,1640.7358
2530,1451.221
2531,1644.4373
2532,2119.5808
2533,1759.9915
2534,1721.1655
2535,1366.5952
2536,1644.3491
2537,1950.5472
2538,2269.896
2539,1572.3265
2540,1279.7423
2541,1500.2545
2542,1417.7601
2543,2703.8298
2544,2200.1772
2545,1202.6912
2546,1017.7458
2547,1171.9363
2548,2455.761
2549,1635.0308
2550,2369.822
2551,1726.9567
2552,1317.5781
2553,1303.4563
2554,1423.7892
2555,2002.1187
2556,1234.0717
2557,1280.1613
2558,2175.4077
2559,1764.0465
2560,2036.7477
2561,1487.4768
2562,1830.1035
2563,1663.6062
2564,1897.4712
2565,1748.9635
2566,1431.7203
2567,1333.3032
2568,1885.1305
2569,1022.7079
2570,1682.0425
2571,2360.2976
2572,1748.1505
2573,1808.7252
2574,1034.9788
2575,1562.7466
2576,1999.6311
2577,2240.6714
2578,1870.6055
2579,1633.3682
2580,1759.8843
2581,1889.9885
2582,1773.8562
2583,2337.526
2584,1909.9813
2585,1898.7977
2586,1532.0142
2587,1593.6434
2588,1901.4534
2589,1385.4381
2590,1726.461
2591,2166.9844
2592,3932.961
2593,2371.132
2594,1891.768
2595,2140.0366
2596,1410.3226
2597,1868.3228
2598,1300.6392
2599,1819.3094
2600,2144.706
2601,1807.0043
2602,1166.4474
2603,1589.768
2604,1237.8461
2605,1913.5754
2606,1622.7393
2607,1396.5999
2608,2027.9656
2609,2844.397
2610,1480.769
2611,1791.2693
2612,1760.033
2613,1015.0525
2614,1959.7845
2615,1015.0525
2616,1163.5562
2617,1578.4722
2618,783.4837
2619,2256.624
2620,1694.2345
2621,1999.9633
2622,1676.959
2623,2054.3542
2624,1638.5562
2625,1400.5337
2626,2429.5776
2627,1386.7195
2628,1420.7441
2629,1592.7909
2630,2588.5127
2631,1259.0211
2632,1647.154
2633,1217.0964
2634,1507.3003
2635,1777.0461
2636,2296.1553
2637,1783.1123
2638,1318.5099
2639,1203.7058
2640,1212.6559
2641,1393.9167
2642,1265.7399
2643,2133.4497
2644,1191.353
2645,1603.9352
2646,1474.5914
2647,1824.3798
2648,2398.274
2649,1302.502
2650,1675.1124
2651,1903.6576
2652,2356.4143
2653,1433.895
2654,1670.5643
2655,1419.4827
2656,1303.7152
2657,1423.412
2658,1947.5037
2659,1745.9395
2660,1929.6086
2661,1448.2961
2662,1564.666
2663,1232.895
2664,1883.276
2665,1504.2847
2666,1770.1714
2667,1622.1183
2668,1653.0602
2669,2054.2124
2670,1517.832
2671,1012.3042
2672,1012.3042
2673,1159.5238
2674,1732.8202
2675,1402.1783
2676,1458.669
2677,1176.4585
2678,1656.1075
2679,1860.4573
2680,1512.7955
2681,2237.0925
2682,2686.5632
2683,1268.0494
2684,2147.4321
2685,1311.4507
2686,2191.0103
2687,1753.7017
2688,1986.7986
2689,1723.045
2690,1507.2927
2691,2181.9253
2692,1131.765
2693,1154.4612
2694,1242.1028
2695,1282.0905
2696,1411.506
2697,1338.8605
2698,1904.6777
2699,1956.7352
2700,1748.2864
2701,1709.991
2702,1176.0297
2703,1718.3022
2704,2501.717
2705,1495.5481
2706,1279.3296
2707,1808.2566
2708,1676.182
2709,1308.287
2710,1566.0358
2711,1602.8323
2712,2528.79
2713,1541.4109
2714,1611.3588
2715,1346.503
2716,1065.5836
2717,2252.5698
2718,1788.475
2719,1636.0405
2720,1499.9822
2721,2194.0315
2722,1548.0818
2723,1868.832
2724,2281.9392
2725,1281.1317
2726,1606.3823
2727,1815.713
2728,1406.3342
2729,1545.7948
2730,1894.751
2731,2141.1545
2732,1807.7782
2733,2347.9343
2734,1306.0088
2735,1282.555
2736,1493.4192
2737,1925.5884
2738,2057.2822
2739,2162.412
2740,1285.6299
2741,1648.1029
2742,2488.652
2743,2003.3765
2744,1784.815
2745,1817.69
2746,1275.3717
2747,1239.5916
2748,1571.6204
2749,1878.9973
2750,2214.908
2751,3151.7979
2752,1638.6891
2753,1490.0543
2754,1452.8677
2755,1357.496
2756,1629.6536
2757,1400.5309
2758,2292.2742
2759,1436.7656
2760,1701.8444
2761,2021.3665
2762,1378.1112
2763,1639.5638
2764,1337.7936
2765,1957.5542
2766,1244.3542
2767,2087.2695
2768,1844.2753
2769,1409.2921
2770,971.9562
2771,1594.1406
2772,1278.561
2773,1525.8519
2774,2182.4648
2775,2654.1687
2776,1330.7745
2777,1840.1317
2778,1369.8943
2779,1808.4652
2780,1371.9283
2781,2062.28
2782,1683.0782
2783,2432.8015
2784,1849.255
2785,1886.6274
2786,1854.688
2787,1667.3451
2788,1306.832
2789,2979.4568
2790,3283.7249
2791,1971.9248
2792,1596.3251
2793,1244.139
2794,1592.3903
2795,1628.0491
2796,1668.6671
2797,1323.5112
2798,1634.5713
2799,3290.5417
2800,1753.9299
2801,2562.0786
2802,1529.6759
2803,1817.7444
2804,1545.6963
2805,1873.671
2806,1842.7482
2807,1236.9803
2808,3049.6157
2809,1629.9194
2810,1812.716
2811,1689.2919
2812,1335.5286
2813,1844.8041
2814,1960.6147
2815,1361.3602
2816,2722.1384
2817,1692.7052
2818,1451.9346
2819,1560.4619
2820,1691.8175
2821,925.447
2822,1892.82
2823,1419.2875
2824,2250.9246
2825,1538.707
2826,1226.9122
2827,1694.1313
2828,2011.6646
2829,1319.7094
2830,2038.824
2831,2144.535
2832,1361.2356
2833,1575.6991
2834,1347.4305
2835,2371.7437
2836,1424.7692
2837,2055.638
2838,1954.8584
2839,2200.7815
2840,1343.3008
2841,2781.7695
2842,2045.7263
2843,1159.3951
2844,2173.3547
2845,2147.1414
2846,2311.063
2847,3042.1711
2848,1666.052
2849,1495.8397
2850,1501.8119
2851,2189.1292
2852,1766.3815
2853,1320.8859
2854,1911.1152
2855,1311.3674
2856,2005.2156
2857,1919.9872
2858,1576.0056
2859,2233.6208
2860,1548.0166
2861,1542.7377
2862,1662.4379
2863,1477.3799
2864,1533.2052
2865,1827.5541
2866,1233.0483
2867,1535.0613
2868,1231.7477
2869,1909.966
2870,1764.837
2871,1764.837
2872,1416.4348
2873,1893.5096
2874,1542.514
2875,2451.6592
2876,1351.8527
2877,1883.773
2878,1854.9403
2879,1544.4587
2880,2005.3315
2881,2218.1638
2882,1868.173
2883,1490.2448
2884,1990.139
2885,1742.597
2886,1660.7688
2887,1876.3821
2888,1514.5292
2889,2742.6787
2890,1536.2848
2891,1255.788
2892,2090.1694
2893,2390.9358
2894,2112.8093
2895,2119.9468
2896,1787.4457
2897,1687.2024
2898,1231.516
2899,1236.7561
2900,2297.3835
2901,1805.3817
2902,2076.9783
2903,1951.6904
2904,1938.7639
2905,2003.0665
2906,1917.2284
2907,1876.4509
2908,1515.7305
2909,1181.919
2910,2304.6682
2911,2600.541
2912,1418.3715
2913,1890.6282
2914,1910.7407
2915,2368.985
2916,1215.6301
2917,1726.3578
2918,1306.8862
2919,1335.915
2920,1404.0969
2921,1827.8993
2922,1994.9293
2923,1503.8007
2924,1574.2559
2925,1649.7478
2926,1591.7698
2927,1629.9985
2928,1965.8691
2929,1961.6
2930,2439.2178
2931,2124.543
2932,1890.908
2933,1722.9495
2934,3242.44
2935,1614.6027
2936,2236.6018
2937,1280.2439
2938,1763.2114
2939,1123.6857
2940,1823.804
2941,1183.8235
2942,2138.367
2943,1352.7177
2944,1682.5907
2945,3256.7307
2946,1125.869
2947,2050.9385
2948,1544.8832
2949,1320.4023
2950,1316.7751
2951,1278.7529
2952,1707.3134
2953,2255.709
2954,1420.605
2955,1502.52
2956,1918.15
2957,1420.1583
2958,1831.9569
2959,2191.2073
2960,1919.2102
2961,2417.9944
2962,1212.9604
2963,1237.3419
2964,933.9
2965,1017.76794
2966,1391.633
2967,1261.3668
2968,1236.8278
2969,1421.652
2970,1947.4202
2971,1423.7739
2972,1646.0217
2973,1362.4174
2974,1442.277
2975,1068.9086
2976,2279.2124
2977,1402.6509
2978,1763.8118
2979,2130.529
2980,1259.6873
2981,1175.5549
2982,1033.5624
2983,1177.238
2984,1493.4099
2985,1183.8235
2986,1456.2162
2987,2109.5034
2988,1407.9412
2989,1876.2744
2990,1455.7137
2991,1908.5527
2992,1428.8314
2993,1777.9403
2994,1604.8313
2995,1395.617
2996,1647.9329
2997,1368.6945
2998,1521.6188
2999,1469.546
3000,1676.1292
3001,1484.8407
3002,1655.3314
3003,1821.7417
3004,1004.5854
3005,1761.6864
3006,1777.2434
3007,1614.3983
3008,1862.959
3009,2110.9822
3010,1788.4662
3011,1409.799
3012,1286.4718
3013,1446.2025
3014,1949.3734
3015,1503.0907
3016,1494.49
3017,1408.722
3018,1876.1799
3019,1976.3915
3020,1150.7114
3021,1167.5398
3022,1361.4371
3023,2286.7173
3024,2434.9163
3025,1344.6493
3026,1999.3676
3027,1025.4938
3028,1212.5277
3029,1833.1307
3030,1735.4927
3031,1193.8302
3032,1638.3301
3033,1444.0388
3034,1252.8167
3035,1782.4352
3036,1887.8049
3037,1249.5352
3038,1895.0161
3039,1495.6436
3040,1645.3229
3041,1529.9427
3042,2004.006
3043,1861.7009
3044,1261.6252
3045,2091.0107
3046,1335.447
3047,1768.4152
3048,1930.6755
3049,1368.4021
3050,2220.3171
3051,1937.2172
3052,1130.0073
3053,1528.7483
3054,1719.9342
3055,1570.8164
3056,2162.8245
3057,1558.1809
3058,2010.7557
3059,1818.59
3060,1976.5659
3061,1855.4517
3062,1558.9313
3063,2099.3572
3064,1374.0834
3065,1276.2781
3066,2698.9092
3067,1228.6069
3068,1874.7356
3069,1008.01636
3070,1212.7667
3071,1166.3455
3072,1438.2799
3073,1854.8578
3074,1325.4777
3075,2192.5562
3076,1124.0492
3077,1439.8965
3078,1804.6733
3079,1909.0447
3080,2440.8042
3081,1618.1426
3082,2939.425
3083,1468.5876
3084,1355.5265
3085,1655.9796
3086,1456.3877
3087,1554.027
3088,1883.9045
3089,1812.6191
3090,1372.8329
3091,1825.2908
3092,1728.792
3093,1778.4001
3094,1836.4534
3095,1757.0983
3096,1670.4805
3097,1397.007
3098,1919.6622
3099,1666.2825
3100,1357.6936
3101,1456.8469
3102,1699.4828
3103,1398.3253
3104,1146.3943
3105,1304.3236
3106,1855.402
3107,1427.4222
3108,1396.0453
3109,1900.1241
3110,1207.6708
3111,1202.8491
3112,1251.3777
3113,1333.2196
3114,1583.1753
3115,2051.6313
3116,1551.4557
3117,1492.7758
3118,1493.1775
3119,1107.0938
3120,1354.4694
3121,1519.835
3122,1437.0378
3123,1868.0574
3124,2148.2795
3125,1743.0687
3126,2005.3408
3127,1785.6954
3128,2424.0403
3129,1752.8683
3130,1457.5912
3131,2518.0193
3132,2391.3276
3133,1660.2137
3134,1812.3434
3135,2257.4216
3136,1680.2563
3137,1239.9037
3138,1697.0535
3139,1341.8799
3140,2067.6797
3141,1189.5236
3142,1620.5177
3143,1488.7678
3144,1395.3887
3145,1841.357
3146,1868.4807
3147,1559.6633
3148,1356.7595
3149,2079.4602
3150,1278.1992
3151,1246.9203
3152,1905.7875
3153,1105.6038
3154,1975.9786
3155,1020.7092
3156,1528.739
3157,2269.648
3158,1056.3715
3159,1999.605
3160,1941.345
3161,1381.5747
3162,1288.6853
3163,1840.8009
3164,1739.6149
3165,2122.814
3166,1490.1433
3167,1775.0762
3168,1528.2769
3169,1793.0686
3170,1573.6871
3171,2427.8145
3172,1221.679
3173,1364.8508
3174,1078.3015
3175,1387.0703
3176,1430.2937
3177,1976.8035
3178,1937.2283
3179,1204.5345
3180,1734.0455
3181,1499.1415
3182,1650.0948
3183,2278.486
3184,1709.7795
3185,1586.2136
3186,2463.421
3187,1401.673
3188,1257.3707
3189,1402.8462
3190,896.64764
3191,1844.3116
3192,2566.4893
3193,1656.008
3194,1388.4159
3195,1607.62
3196,1842.3877
3197,1789.8395
3198,1313.2357
3199,2273.4685
3200,1601.5647
3201,1551.4424
3202,1424.259
3203,1155.1556
3204,1339.0045
3205,2504.5847
3206,1098.12
3207,1670.5612
3208,1683.7212
3209,1438.2255
3210,1242.6954
3211,1391.323
3212,960.4391
3213,1242.1923
3214,1071.1079
3215,1053.8223
3216,1931.8323
3217,1816.7081
3218,2568.7458
3219,1538.6661
3220,1212.8029
3221,1312.2147
3222,1102.4844
3223,1927.4962
3224,1785.2948
3225,1120.6497
3226,1829.1232
3227,1728.2772
3228,1906.7977
3229,1283.4664
3230,1292.9832
3231,1878.3564
3232,1026.1168
3233,2048.2334
3234,1204.7358
3235,1869.0526
3236,2182.2673
3237,1886.5154
3238,2025.4148
3239,1459.9615
3240,1841.128
3241,1415.2076
3242,1796.0846
3243,1976.3009
3244,1425.6273
3245,1844.7168
3246,1148.3054
3247,1413.0624
3248,1357.86
3249,1242.8865
3250,2154.768
3251,1289.5582
3252,3164.093
3253,1441.9779
3254,1381.39
3255,1517.4683
3256,1869.4955
3257,2063.5063
3258,1775.8722
3259,1773.6367
3260,2275.4766
3261,1451.024
3262,1350.5299
3263,1213.344
3264,1246.538
3265,1820.7242
3266,1343.4092
3267,1385.6713
3268,1307.1616
3269,1097.141
3270,2667.1208
3271,1683.0519
3272,1440.0706
3273,1950.3733
3274,1035.6976
3275,1615.5159
3276,1417.4814
3277,1437.0774
3278,1925.4196
3279,2047.0391
3280,1777.9916
3281,1203.3064
3282,1508.5895
3283,1454.1876
3284,1589.6
3285,1782.4279
3286,2466.1733
3287,1684.4309
3288,1098.0096
3289,1431.0269
3290,2020.1259
3291,2135.2957
3292,1370.0203
3293,2860.8464
3294,1488.3705
3295,1464.5396
3296,1300.073
3297,1443.1322
3298,2069.684
3299,1309.4037
3300,1708.3884
3301,1981.9183
3302,1888.1307
3303,1847.0878
3304,2128.5217
3305,1262.0164
3306,1357.1217
3307,1331.7272
3308,2589.1501
3309,1580.3583
3310,1674.8419
3311,1168.4819
3312,1743.1803
3313,1340.263
3314,1400.5997
3315,1420.8269
3316,1274.5516
3317,1372.9542
3318,1618.5913
3319,1846.7388
3320,1733.7639
3321,1748.1931
3322,766.2637
3323,1398.1923
3324,1313.5762
3325,2547.6418
3326,1435.9025
3327,1694.001
3328,2160.9106
3329,2012.5793
3330,2315.6367
3331,1447.2546
3332,2525.303
3333,1749.304
3334,2305.688
3335,1614.2229
3336,1989.0792
3337,1237.6458
3338,1968.7413
3339,1679.5139
3340,1614.2229
3341,1415.4553
3342,1614.2229
3343,1639.9895
3344,1000.2645
3345,1590.6113
3346,2197.978
3347,1572.2705
3348,1879.6332
3349,1280.0541
3350,1680.5833
3351,1486.1466
3352,1427.4526
3353,1268.3337
3354,1422.9149
3355,1901.7784
3356,1269.0687
3357,2941.9844
3358,1708.7236
3359,1312.6128
3360,2484.1467
3361,993.39667
3362,1688.1735
3363,2807.3386
3364,1798.4032
3365,2134.8564
3366,2900.3975
3367,2048.2341
3368,1601.6886
3369,2234.5825
3370,1700.2655
3371,2529.5369
3372,1588.7781
3373,1611.8901
3374,1489.7173
3375,2387.3215
3376,1955.0653
3377,1902.3208
3378,1837.2946
3379,2159.6506
3380,1570.3583
3381,1859.0082
3382,1555.4601
3383,799.32684
3384,1382.0918
3385,1584.3577
3386,1713.307
3387,1168.4716
3388,3297.4565
3389,1635.479
3390,1633.7505
3391,1724.816
3392,2053.8984
3393,1394.9781
3394,1672.4922
3395,2029.952
3396,1617.1115
3397,1626.3566
3398,2534.8875
3399,1439.398
3400,1304.7717
3401,2135.436
3402,2222.3035
3403,2782.1482
3404,1706.1737
3405,2035.5066
3406,1941.2786
3407,1626.2682
3408,1246.5565
3409,1090.2743
3410,2046.2716
3411,1821.8456
3412,1881.9601
3413,1343.6727
3414,1489.5244
3415,2590.4985
3416,1466.9474
3417,1679.1874
3418,1711.0085
3419,1704.396
3420,1958.8762
3421,1515.7826
3422,1860.6547
3423,1768.7446
3424,1371.0245
3425,1589.9469
3426,1634.5018
3427,1267.5122
3428,1340.263
3429,2681.355
3430,1066.7292
3431,1687.9872
3432,2164.3325
3433,1795.554
3434,1736.4026
3435,2400.2717
3436,1503.9441
3437,1979.3972
3438,1991.183
3439,1669.8561
3440,1262.1112
3441,1952.1433
3442,1398.3468
3443,2156.7935
3444,1337.7996
3445,2041.7017
3446,1921.1702
3447,1637.2858
3448,2666.0793
3449,1401.2805
3450,1225.5476
3451,1706.9282
3452,2126.7578
3453,1984.3486
3454,1703.9465
3455,1169.8192
3456,1591.6893
3457,1346.9283
3458,1046.2758
3459,1340.4164
3460,2052.8655
3461,1526.9236
3462,1871.1952
3463,1967.726
3464,2460.7454
3465,2178.7004
3466,1825.4098
3467,1559.3195
3468,1355.9479
3469,1679.5139
3470,1534.0228
3471,1336.9034
3472,1903.2969
3473,1191.7374
3474,1489.4185
3475,1876.9292
3476,2513.2112
3477,1878.1088
3478,1878.3174
3479,1685.2147
3480,1877.2103
3481,1453.034
3482,1533.9618
3483,1572.6932
3484,1607.1587
3485,1735.0541
3486,1772.794
3487,1467.8153
3488,1728.5234
3489,1577.0142
3490,1840.0173
3491,1075.9818
3492,1685.14
3493,2430.3394
3494,1810.4567
3495,2550.2097
3496,1555.5449
3497,2833.5396
3498,1391.8331
3499,1844.0902
3500,1258.9722
3501,2182.7158
3502,1282.0486
3503,1679.888
3504,1684.9475
3505,1216.972
3506,1571.8359
3507,1069.2247
3508,1429.4941
3509,1294.4685
3510,1813.7589
3511,1249.7373
3512,1261.7161
3513,2098.975
3514,2383.4158
3515,1597.6051
3516,1326.3022
3517,1413.5813
3518,1689.4272
3519,1317.1229
3520,1452.5912
3521,1785.7122
3522,1285.8462
3523,992.3608
3524,1074.9684
3525,2248.7068
3526,1919.7047
3527,1838.6481
3528,1467.2281
3529,1232.4683
3530,3461.8748
3531,2143.4612
3532,1753.943
3533,1184.7228
3534,2316.522
3535,1598.8237
3536,1654.4119
3537,2491.8167
3538,1751.827
3539,1514.8314
3540,2502.967
3541,1230.4838
3542,3187.7795
3543,1474.2203
3544,1558.0205
3545,2834.0288
3546,1702.595
3547,2504.5364
3548,1753.5032
3549,1710.1625
3550,1212.3424
3551,1307.6472
3552,1600.8033
3553,2227.772
3554,1157.7351
3555,1529.1481
3556,1583.9624
3557,1339.1719
3558,1305.9781
3559,2415.1304
3560,1625.1947
3561,1625.1947
3562,1707.0704
3563,992.29175
3564,1974.1061
3565,2209.4692
3566,2038.9906
3567,644.221
3568,1870.2657
3569,1553.3611
3570,2443.6165
3571,1899.4729
3572,1034.5806
3573,2498.664
3574,1288.0771
3575,1528.0226
3576,1487.1721
3577,752.0677
3578,1778.9792
3579,1267.0292
3580,1304.4233
3581,1878.5134
3582,1408.325
3583,1055.6003
3584,1760.8281
3585,1949.9812
3586,2334.996
3587,2177.8232
3588,1793.5138
3589,1626.8837
3590,2021.4722
3591,1677.1244
3592,2549.8618
3593,1944.3756
3594,1408.3582
3595,1833.9331
3596,619.4834
3597,1712.9955
3598,1857.8564
3599,1421.2336
3600,1808.3762
3601,1490.157
3602,1362.0552
3603,1605.7533
3604,2029.3354
3605,1991.0419
3606,1618.5066
3607,1102.3114
3608,1621.6146
3609,1560.8495
3610,1588.7799
3611,1589.2524
3612,1362.0552
3613,1226.8372
3614,1994.4277
3615,1685.7678
3616,1890.391
3617,1558.1437
3618,1467.67
3619,1633.3187
3620,1155.8896
3621,1985.6627
3622,1092.4623
3623,2546.8962
3624,2119.86
3625,1112.7666
3626,1600.2844
3627,1717.2183
3628,1753.4532
3629,2183.1218
3630,1825.9938
3631,1662.3848
3632,1079.4976
3633,1482.9542
3634,1232.7778
3635,1691.0598
3636,2304.2493
3637,2186.8557
3638,1046.9391
3639,1723.4032
3640,1844.6299
3641,2738.1362
3642,1663.6401
3643,1801.471
3644,2781.478
3645,1694.843
3646,1332.4434
3647,1302.5027
3648,1927.6083
3649,1338.5837
3650,1544.7751
3651,2016.5397
3652,1812.614
3653,1486.5931
3654,1390.3081
3655,1797.1179
3656,1497.4086
3657,2196.8582
3658,1420.181
3659,1076.8281
3660,1599.1495
3661,1728.0203
3662,1680.3287
3663,1659.8025
3664,1248.0079
3665,1788.3074
3666,2021.1987
3667,1083.626
3668,1867.5304
3669,1183.6616
3670,1686.6841
3671,1769.1166
3672,1570.1843
3673,2385.4463
3674,1640.5597
3675,1252.7429
3676,1475.6317
3677,2167.944
3678,1625.3179
3679,1416.7388
3680,1509.6196
3681,1580.9177
3682,2079.925
3683,1532.9015
3684,1569.5393
3685,1393.4363
3686,964.0489
3687,964.0489
3688,1400.7859
3689,1856.3154
3690,2223.7625
3691,1458.3182
3692,2276.6965
3693,1502.1421
3694,1878.8549
3695,2141.853
3696,1862.7126
3697,1753.1311
3698,3156.9348
3699,2251.7834
3700,1569.766
3701,1924.3712
3702,1124.4061
3703,1673.147
3704,1996.9905
3705,1254.2405
3706,1527.8337
3707,1550.1139
3708,1633.217
3709,3021.1377
3710,1708.3112
3711,1474.0519
3712,1736.4414
3713,794.5202
3714,1843.5874
3715,1718.4592
3716,1274.4407
3717,1199.8268
3718,1066.9279
3719,1449.1707
3720,1306.1658
3721,1118.05
3722,2592.0247
3723,1618.4818
3724,1947.8131
3725,2659.2864
3726,1062.0114
3727,1616.8988
3728,1147.354
3729,2532.3245
3730,1699.0823
3731,1545.3401
3732,1539.7377
3733,1293.6787
3734,2152.3484
3735,1599.3157
3736,1267.9575
3737,1600.3578
3738,1375.2709
3739,1279.3193
3740,1170.4414
3741,1679.7097
3742,1981.9297
3743,1376.0476
3744,1451.0707
3745,1454.5785
3746,1971.1348
3747,2028.0977
3748,1740.3365
3749,2318.7104
3750,1531.4935
3751,1956.9213
3752,1323.4385
3753,2128.9749
3754,1331.7633
3755,1502.298
3756,1718.1735
3757,1995.6078
3758,1630.3425
3759,988.7977
3760,1265.373
3761,1651.0377
3762,1322.9443
3763,1635.0186
3764,1647.7694
3765,1676.3242
3766,1639.7152
3767,1274.4407
3768,1794.0344
3769,2842.3757
3770,1918.0627
3771,1117.2572
3772,1271.3811
3773,1635.0615
3774,1571.6237
3775,1327.027
3776,1723.6274
3777,1278.2722
3778,1688.5876
3779,1614.1804
3780,1922.0864
3781,1923.7859
3782,1187.2698
3783,1554.4703
3784,2044.974
3785,1622.5364
3786,1168.1644
3787,1378.8477
3788,1256.5142
3789,1487.634
3790,1554.4703
3791,1521.9319
3792,1864.4506
3793,1743.0316
3794,1273.384
3795,1030.7004
3796,1411.1577
3797,2004.0375
3798,1344.4792
3799,1694.8964
3800,1923.1187
3801,1395.9873
3802,1265.0835
3803,1844.1814
3804,1737.8217
3805,1477.349
3806,1302.1735
3807,2860.4082
3808,3376.1199
3809,2959.671
3810,1820.9045
3811,1630.7574
3812,1405.5829
3813,2739.6091
3814,2148.4
3815,1959.6371
3816,1560.825
3817,1753.9635
3818,1583.6824
3819,2130.8884
3820,2149.8948
3821,2022.9506
3822,1356.5187
3823,1960.7548
3824,1923.6466
3825,1716.9863
3826,1187.2698
3827,1676.591
3828,1757.2092
3829,1757.2092
3830,1254.9379
3831,1276.4827
3832,2227.0024
3833,1395.8853
3834,1684.2916
3835,1170.4414
3836,1289.6763
3837,2370.1917
3838,1572.6515
3839,1909.8579
3840,1540.2113
3841,1245.4137
3842,1176.6272
3843,2202.3057
3844,3038.5796
3845,1433.5964
3846,1591.1918
3847,1657.1522
3848,1393.5503
3849,1591.1918
3850,1913.152
3851,1725.977
3852,1333.0498
3853,1195.0032
3854,1368.8275
3855,1266.6653
3856,1268.6962
3857,1700.1838
3858,1151.9249
3859,1324.048
3860,1805.684
3861,2007.9021
3862,1914.0405
3863,1170.4414
3864,1640.0023
3865,1461.4784
3866,1673.0167
3867,1498.9447
3868,1419.3657
3869,1591.4364
3870,1204.3378
3871,1865.6476
3872,1444.8163
3873,1816.2452
3874,1600.5494
3875,1816.6398
3876,1643.9835
3877,1120.2919
3878,1781.6306
3879,1190.4193
3880,2753.4683
3881,1494.7886
3882,1326.5221
3883,1672.389
3884,2107.2283
3885,1436.1017
3886,1995.6115
3887,1388.5562
3888,2352.8733
3889,3339.1062
3890,1681.1589
3891,1281.5809
3892,1416.1986
3893,1911.2264
3894,1842.7725
3895,1514.3104
3896,1763.1871
3897,1778.7885
3898,1205.2737
3899,1712.4955
3900,1206.3776
3901,1552.8003
3902,1815.8556
3903,2117.7588
3904,1900.7881
3905,1430.5303
3906,2079.3105
3907,1370.3857
3908,1733.9507
3909,1190.2339
3910,1897.8706
3911,1574.4329
3912,2618.0422
3913,2407.8022
3914,1486.8947
3915,1522.5474
3916,1961.3651
3917,2116.7058
3918,1213.1234
3919,1044.229
3920,916.1964
3921,1302.6576
3922,2560.5012
3923,2091.1794
3924,953.8029
3925,1297.7739
3926,1310.3951
3927,1098.0171
3928,1947.3342
3929,1456.2832
3930,1626.0913
3931,1452.5876
3932,1441.9968
3933,1749.7301
3934,1893.7065
3935,1264.0465
3936,1771.4106
3937,1946.2631
3938,1222.2391
3939,1381.3126
3940,1661.9978
3941,1585.127
3942,1698.527
3943,1736.1241
3944,1235.4332
3945,1525.4088
3946,2148.1057
3947,1976.4133
3948,1838.1307
3949,2793.137
3950,1244.8251
3951,2623.6787
3952,2219.6943
3953,2189.923
3954,1478.6453
3955,3020.3372
3956,3140.494
3957,2537.9377
3958,1785.6722
3959,1867.0687
3960,1287.448
3961,2510.6711
3962,1708.7689
3963,1117.8235
3964,1279.5585
3965,1272.8766
3966,1376.2518
3967,1730.754
3968,1607.4938
3969,1491.0901
3970,1887.8468
3971,3684.8115
3972,1635.4595
3973,1703.7751
3974,2124.7349
3975,1605.5576
3976,1365.504
3977,1597.8168
3978,1319.511
3979,1942.9131
3980,1678.7141
3981,2158.1963
3982,1734.8137
3983,1735.5159
3984,1706.6073
3985,1611.6963
3986,2090.1216
3987,1802.0885
3988,1214.1919
3989,1889.1012
3990,1259.2778
3991,1359.6726
3992,1971.0624
3993,1204.8507
3994,1546.1702
3995,2144.341
3996,1671.9447
3997,1643.5458
3998,1537.015
3999,1278.0331
4000,1905.7986
4001,1471.2493
4002,1433.8168
4003,1591.1656
4004,1326.1908
4005,1680.4884
4006,1370.964
4007,1462.3317
4008,1348.1476
4009,1290.6119
4010,1798.017
4011,1312.7604
4012,1274.0643
4013,1239.2875
4014,1522.6943
4015,1581.9307
4016,2297.078
4017,1830.7028
4018,2558.3992
4019,1242.1252
4020,1703.8853
4021,1490.5248
4022,1586.8865
4023,1272.8983
4024,1323.5287
4025,1497.5568
4026,1800.3042
4027,1316.5121
4028,1103.3376
4029,1271.1334
4030,1870.0421
4031,1637.082
4032,1523.0632
4033,2033.3615
4034,2009.5555
4035,1430.0687
4036,1319.5015
4037,1899.9253
4038,2026.3542
4039,1532.7037
4040,1467.0494
4041,1488.3802
4042,1125.9269
4043,1751.5204
4044,1288.6937
4045,2493.0862
4046,1795.6292
4047,1813.3115
4048,1347.302
4049,1408.8375
4050,1570.0912
4051,1449.7551
4052,1255.0317
4053,2454.214
4054,1410.7009
4055,1280.8921
4056,1639.9203
4057,1202.853
4058,1457.3339
4059,3269.2212
4060,1332.1635
4061,1818.7014
4062,1596.3588
4063,2102.334
4064,1306.8231
4065,1485.0742
4066,2478.6912
4067,1804.5061
4068,1614.5753
4069,1662.0287
4070,1601.9565
4071,1479.0613
4072,1508.166
4073,2918.1692
4074,1306.3817
4075,1683.3453
4076,1588.9933
4077,1596.792
4078,1294.1534
4079,1452.5361
4080,1243.8672
4081,1217.0919
4082,1733.2872
4083,1253.3599
4084,1323.518
4085,3439.059
4086,1175.7993
4087,1875.907
4088,1881.4325
4089,1971.1866
4090,1753.5404
4091,1235.7294
4092,1594.7157
4093,2686.8606
4094,1851.2607
4095,1609.178
4096,2673.058
4097,1169.6603
4098,3383.7625
4099,1304.2195
4100,1769.5166
4101,1156.0697
4102,2295.1216
4103,1776.1644
4104,2197.2432
4105,1308.1101
4106,1455.2214
4107,1473.7416
4108,2263.8303
4109,1664.2157
4110,2238.9058
4111,1401.8054
4112,2132.1777
4113,1495.3557
4114,1803.7683
4115,3116.3953
4116,1981.2002
4117,2743.663
4118,1255.0691
4119,2297.8262
4120,1436.5874
4121,1266.9156
4122,1665.991
4123,1757.0238
4124,1275.3971
4125,2858.5144
4126,1892.5428
4127,1311.0549
4128,1189.2429
4129,2584.56
4130,2016.589
4131,1682.2764
4132,1532.0547
4133,1992.5259
4134,2929.7031
4135,2275.5886
4136,1563.1807
4137,1831.8099
4138,1716.6718
4139,1342.4415
4140,1655.4202
4141,1710.7515
4142,1228.1188
4143,1444.7489
4144,1293.1469
4145,1594.0957
4146,1365.9224
4147,1478.3815
4148,1403.0807
4149,2500.062
4150,1328.0947
4151,2180.9185
4152,1238.5208
4153,1611.6047
4154,1531.9589
4155,1890.7288
4156,1890.347
4157,1335.3533
4158,1767.045
4159,1727.9368
4160,1771.8429
4161,1806.4766
4162,3231.8557
4163,2410.2893
4164,1314.8442
4165,2391.3804
4166,1327.5814
4167,1664.8435
4168,1930.4254
4169,1931.1847
4170,1347.772
4171,2022.0568
4172,1671.62
4173,1993.5002
4174,1457.7323
4175,2637.4092
4176,1768.6417
4177,2248.963
4178,1536.0763
4179,1585.0464
4180,1077.4142
4181,1883.3848
4182,1582.0309
4183,1554.1127
4184,1911.3105
4185,1403.976
4186,1710.9591
4187,1657.4009
4188,2338.3083
4189,1569.7538
4190,2626.1472
4191,1365.9783
4192,1658.9988
4193,1780.3816
4194,1584.1951
4195,1724.6373
4196,1886.3507
4197,1563.1101
4198,1611.6802
4199,1234.0153
4200,1527.7013
4201,1395.9025
4202,1411.3035
4203,1554.5581
4204,1467.5931
4205,1575.7999
4206,1996.3634
4207,1552.5079
4208,1450.8925
4209,1785.609
4210,1746.7793
4211,1676.2345
4212,1640.0275
4213,1554.3358
4214,1670.2532
4215,1392.6547
4216,1581.3762
4217,1895.6049
4218,1318.8179
4219,1944.417
4220,1440.2668
4221,1923.0935
4222,1699.6301
4223,2221.8364
4224,1125.6265
4225,1618.8604
4226,1330.0135
4227,1201.8284
4228,1880.6376
4229,2476.347
4230,1158.221
4231,1617.821
4232,788.4752
4233,2166.8125
4234,1234.3474
4235,1282.6846
4236,1318.661
4237,1371.3512
4238,1174.3584
4239,1270.983
4240,2016.7767
4241,1346.8052
4242,1405.9347
4243,1897.8053
4244,1415.7522
4245,1666.656
4246,1418.0021
4247,2648.044
4248,1593.0825
4249,1933.4003
4250,1282.1467
4251,1763.4264
4252,1962.5865
4253,1289.3893
4254,1318.7194
4255,1317.4214
4256,1534.7931
4257,2056.56
4258,1548.5131
4259,1143.8684
4260,1922.7563
4261,1475.1091
4262,1575.0168
4263,2211.6924
4264,1329.3353
4265,1735.8524
4266,1595.4783
4267,1808.595
4268,1617.5317
4269,1994.1597
4270,1032.3158
4271,1157.0974
4272,1633.1768
4273,977.731
4274,1269.2592
4275,1397.1129
4276,1210.6453
4277,1242.3473
4278,2447.664
4279,1431.023
4280,1249.1688
4281,3093.579
4282,1486.8822
4283,1356.1321
4284,2142.0747
4285,1256.0424
4286,1241.7473
4287,1241.5271
4288,1388.8701
4289,1732.6654
4290,1003.4329
4291,1539.7318
4292,1851.3715
4293,1384.1887
4294,1471.332
4295,1512.8977
4296,1605.7013
4297,1811.6838
4298,1648.2206
4299,1323.1156
4300,1494.9958
4301,1834.3263
4302,1659.1433
4303,2177.0317
4304,1236.6064
4305,2405.1716
4306,1667.8372
4307,1446.8671
4308,1354.3633
4309,1688.9813
4310,1231.5076
4311,1403.2876
4312,1610.8772
4313,1490.267
4314,1388.989
4315,2001.1322
4316,1332.7424
4317,1489.3247
4318,1708.1915
4319,1352.5157
4320,2025.6608
4321,2244.8223
4322,1494.178
4323,1227.2965
4324,2306.0115
4325,1766.9556
4326,2005.1206
4327,1533.635
4328,1305.3685
4329,2040.1033
4330,2237.2136
4331,3113.0615
4332,1304.6747
4333,1746.572
4334,1158.5924
4335,1905.9576
4336,1703.5991
4337,2037.1981
4338,1653.045
4339,1526.4147
4340,1475.901
4341,1927.8765
4342,2248.1409
4343,1762.9701
4344,1679.6885
4345,1306.6179
4346,2117.2488
4347,1310.2614
4348,2006.0284
4349,1435.8193
4350,1512.8076
4351,2266.5044
4352,3374.2136
4353,2457.3772
4354,1322.8279
4355,2098.978
4356,1842.8895
4357,1685.4083
4358,2457.0325
4359,1360.3644
4360,1384.3368
4361,1983.8872
4362,2452.2534
4363,1452.9581
4364,1557.3395
4365,1528.1526
4366,1713.6785
4367,1791.1699
4368,1806.521
4369,1309.7809
4370,1404.0258
4371,1448.6837
4372,949.6889
4373,1313.0645
4374,1796.2825
4375,1774.7852
4376,2181.5435
4377,1486.928
4378,1912.529
4379,2091.7266
4380,1976.072
4381,1492.1095
4382,1647.2828
4383,1900.745
4384,1530.7015
4385,3217.1096
4386,1289.0226
4387,1055.2595
4388,1575.4911
4389,1603.6006
4390,1333.9152
4391,2508.65
4392,3024.7786
4393,1316.0914
4394,1651.6
4395,2503.8813
4396,1521.7566
4397,1588.916
4398,1227.7405
4399,1527.4214
4400,1733.265
4401,1763.9547
4402,2262.3127
4403,3478.4531
4404,1295.596
4405,2173.319
4406,1182.3643
4407,1337.5554
4408,1343.3909
4409,2442.2458
4410,1494.6763
4411,1073.3707
4412,1425.15
4413,1950.1602
4414,1609.5969
4415,1549.0269
4416,1806.9822
4417,1520.3848
4418,1870.3323
4419,1927.7494
4420,1607.5364
4421,1618.8295
4422,1719.5195
4423,2500.922
4424,3669.951
4425,1758.1122
4426,1918.166
4427,1495.8237
4428,1335.7844
4429,2065.841
4430,1611.5177
4431,1664.5167
4432,1204.3807
4433,3399.114
4434,1587.4248
4435,1294.3124
4436,1575.2388
4437,1209.4148
4438,1387.8496
4439,1205.6486
4440,1233.7645
4441,1332.2292
4442,1332.9805
4443,2014.0677
4444,1835.7047
4445,1742.3759
4446,1299.4897
4447,1378.8792
4448,2094.6716
4449,2272.862
4450,2504.3625
4451,1471.3474
4452,1908.0966
4453,1584.9412
4454,1781.8617
4455,1924.0525
4456,1366.7819
4457,2074.7998
4458,1727.2067
4459,1363.2573
4460,1985.4408
4461,1679.3077
4462,1239.8542
4463,1281.9282
4464,2215.3652
4465,2015.995
4466,1398.8741
4467,1247.4418
4468,1721.6682
4469,1693.0796
4470,1448.5164
4471,1511.0957
4472,1366.3489
4473,1489.5657
4474,2103.149
4475,1540.761
4476,1390.9795
4477,1897.9742
4478,929.13104
4479,1832.6304
4480,1271.995
4481,1556.5409
4482,2857.8298
4483,1301.9917
4484,1833.8599
4485,1813.7808
4486,1689.4343
4487,2100.8528
4488,1413.786
4489,1977.2064
4490,1236.4126
4491,2421.548
4492,1242.6951
4493,1565.0955
4494,1588.987
4495,1299.103
4496,2288.393
4497,1858.8108
4498,1341.9827
4499,1719.549
4500,2527.977
4501,1527.8506
4502,1362.9857
4503,1871.8562
4504,1361.0703
4505,2403.1965
4506,2220.5906
4507,1357.8494
4508,1722.5919
4509,1342.5804
4510,2124.2908
4511,1483.4182
4512,1715.0912
4513,2317.701
4514,1337.3651
4515,1577.3224
4516,2218.2595
4517,1351.2831
4518,1651.8615
4519,1783.1013
4520,1212.4883
4521,1304.3057
4522,1220.0691
4523,1403.4257
4524,1169.5883
4525,2058.2354
4526,2029.0187
4527,1820.3248
4528,1275.014
4529,1574.8163
4530,1966.6886
4531,2766.205
4532,1325.0392
4533,2017.808
4534,1563.0182
4535,1451.3463
4536,1954.9152
4537,2029.8837
4538,1522.6746
4539,1328.1411
4540,2011.7336
4541,1496.3851
4542,1640.8815
4543,1683.8429
4544,1603.7357
4545,1474.324
4546,1669.259
4547,2018.8195
4548,1000.75867
4549,1625.1023
4550,1370.7266
4551,1639.8202
4552,1067.1925
4553,1615.5028
4554,1420.5114
4555,1257.679
4556,1357.1278
4557,1445.0083
4558,1713.301
4559,1912.6322
4560,1893.0455
4561,1677.1841
4562,2039.9768
4563,1639.115
4564,1269.3903
4565,1673.5785
4566,1525.8276
4567,1368.292
4568,1984.848
4569,2436.5715
4570,1699.2329
4571,1963.2313
4572,2192.873
4573,1866.8237
4574,2026.6656
4575,1684.3516
4576,1613.3715
4577,1317.5597
4578,1278.6488
4579,2862.8928
4580,1074.7157
4581,982.7424
4582,1470.6205
4583,2544.0908
4584,2186.5696
4585,1402.0608
4586,1819.4945
4587,1323.9965
4588,2164.0464
4589,2379.1018
4590,1367.603
4591,1593.0116
4592,1866.7565
4593,2003.7072
4594,1418.8372
4595,1248.9851
4596,2073.7075
4597,2009.908
4598,1250.4453
4599,1229.1888
4600,1816.8151
4601,3005.0054
4602,1722.9662
4603,1671.4576
4604,2138.2249
4605,1850.6031
4606,2132.5554
4607,1549.9606
4608,1726.1707
4609,1346.8544
4610,1773.6852
4611,1507.2052
4612,1744.5676
4613,1813.7144
4614,1537.5969
4615,2513.5984
4616,2258.2625
4617,2232.103
4618,2022.9818
4619,1986.3197
4620,2848.0217
4621,1231.0211
4622,1622.3146
4623,2061.8154
4624,1305.1742
4625,1332.4252
4626,1238.4833
4627,2050.2795
4628,1531.1177
4629,1584.2803
4630,1694.7163
4631,2501.3357
4632,1330.0212
4633,1251.0181
4634,1558.6555
4635,1171.5647
4636,1385.431
4637,1787.6503
4638,1508.1417
4639,1668.7709
4640,1877.4048
4641,1448.72
4642,1351.3014
4643,1900.9133
4644,1829.507
4645,1880.8239
4646,1863.533
4647,1893.5342
4648,1154.7363
4649,1716.5891
4650,1457.071
4651,1582.4254
4652,1209.2065
4653,1582.0686
4654,1016.5871
4655,2341.4841
4656,1357.4803
4657,1303.0826
4658,1184.4375
4659,1780.6346
4660,2286.1184
4661,1785.5834
4662,1171.5647
4663,1488.5549
4664,1874.403
4665,1283.52
4666,1899.0602
4667,1481.3392
4668,1499.7307
4669,1552.2072
4670,1376.5223
4671,1851.6882
4672,2007.1676
4673,1514.7098
4674,1979.2751
4675,1290.9197
4676,1611.2932
4677,2028.7472
4678,1884.2595
4679,1933.6913
4680,1257.3915
4681,2404.887
4682,1539.5511
4683,1764.2314
4684,1865.4525
4685,2140.016
4686,1576.8853
4687,1299.0603
4688,2849.2192
4689,1596.5146
4690,1393.7247
4691,1143.9937
4692,1921.6783
4693,1832.3632
4694,1885.499
4695,2509.6223
4696,1307.5593
4697,1858.513
4698,1482.5438
4699,1780.056
4700,899.0801
4701,1263.5033
4702,2109.1445
4703,1348.3684
4704,1602.8201
4705,1629.6299
4706,1591.1313
4707,2434.4197
4708,1604.2583
4709,1807.1617
4710,2559.29
4711,2560.698
4712,1997.1498
4713,1513.3754
4714,1568.5411
4715,2905.4233
4716,1594.5934
4717,1756.4882
4718,2198.3093
4719,2711.4048
4720,1782.0569
4721,1619.3035
4722,1353.2192
4723,1666.8883
4724,1320.9165
4725,1947.4677
4726,935.769
4727,2108.7468
4728,1341.6608
4729,1508.4309
4730,1201.8348
4731,1641.9921
4732,1224.9156
4733,1246.2616
4734,1551.3435
4735,1127.8898
4736,1966.103
4737,1716.8597
4738,1923.6583
4739,1280.3348
4740,2224.1084
4741,1142.3356
4742,1376.8373
4743,1928.2426
4744,2420.235
4745,1945.0903
4746,1609.8188
4747,1590.1779
4748,1178.1748
4749,1246.2616
4750,1361.3159
4751,2250.86
4752,2076.7212
4753,1241.0107
4754,2246.5842
4755,1293.7023
4756,2097.67
4757,1948.3732
4758,1537.774
4759,1423.2644
4760,1387.5293
4761,1791.3365
4762,1285.0853
4763,752.6593
4764,1775.802
4765,2238.3853
4766,2096.9543
4767,1474.889
4768,1490.0292
4769,1305.7948
4770,2059.0696
4771,1445.0541
4772,1191.1007
4773,1872.1027
4774,2007.1528
4775,1523.0007
4776,1579.5632
4777,1539.707
4778,1410.6261
4779,2618.9539
4780,1270.518
4781,1272.4497
4782,1925.7888
4783,1447.9854
4784,1480.4729
4785,1593.2642
4786,1583.4613
4787,1274.2733
4788,1537.4467
4789,1998.8748
4790,1541.4753
4791,1286.704
4792,1901.8163
4793,1447.6093
4794,2556.0647
4795,1358.5157
4796,987.5612
4797,2943.2827
4798,646.57446
4799,1730.7009
4800,1085.2139
4801,1849.4797
4802,2580.2058
4803,1813.2333
4804,2150.1248
4805,1932.4518
4806,2046.3044
4807,1437.7456
4808,1913.1329
4809,1819.8467
4810,1943.1418
4811,1513.7977
4812,1327.5693
4813,1528.7277
4814,1822.1143
4815,1184.1193
4816,1265.6653
4817,1551.8798
4818,1238.575
4819,1700.3656
4820,1406.7595
4821,1424.4551
4822,1504.4937
4823,1175.2969
4824,945.461
4825,1530.487
4826,1479.6641
4827,1598.0825
4828,1252.893
4829,1598.3073
4830,1790.2498
4831,1704.0493
4832,1754.1876
4833,1545.0385
4834,1708.3656
4835,1059.9302
4836,1687.0133
4837,1687.2937
4838,1725.7667
4839,2540.8264
4840,2011.9358
4841,2442.0815
4842,1361.8016
